セキュリティ アナリストは、同社の WAF が適切に構成されていないことを発見しました。 メイン Web サーバーが侵害され、悪意のあるリクエストの 1 つで次のペイロードが検出されました。 (＆(objectclass=*)(objectclass=*))(&(objectclass=void)(type=admin)) この脆弱性を最も緩和するのは次のうちどれですか?,入力検証,ネットワーク侵入防止,データのエンコード,キャプチャ
ある中堅企業は、有害事象により、サーバーがクラッシュし、大規模な停電に見舞われる大変な業務障害が発生しました。今後この種の問題を防ぐために作成する必要があるのは、次のうちどれですか?,RTO,SLA,BIA,BCM
DevOps チームは、新しい課金システムをサポートする PaaS ソリューションとして、データベース、イベント駆動型サービス、および API ゲートウェイをデプロイ(展開)しました。 DevOps チームが実行する必要があるセキュリティ責任は次のうちどれですか?,ライフサイクル管理の一環としてサービスをアップグレードする,認証メカニズムを安全に構成する,オペレーティング システムのインフラストラクチャにパッチを適用する,サービスに対してポート スキャンを実行する
リスク戦略の一環として、企業はサイバーセキュリティ インシデントに対する保険の購入を検討しています。次のうち、この種のリスク対応を最もよく表しているのはどれですか?,リスク移転,リスク拒否,リスクの軽減,リスク回避
企業は、自社のワークロードをオンプレミスの IT インフラストラクチャからクラウドに移行したいと考えていますが、必要なすべての制御を実装することはできません。 次のうち、この実装に関連するリスクを最もよく説明しているのはどれですか?,ベンダーロックイン,ガバナンスの喪失,ベンダー ロックアウト,コンプライアンスリスク
"組織マットは、SaaS ソリューションを提供します。最近、顧客データの損失を伴うインシデントが発生しました。システムには、パフォーマンスと利用可能なリソースの監視を含む、自己回復のレベルがあります。 システムが問題を検出すると、自己修復プロセスがソフトウェアのPANを再起動することになっています。インシデントの間、自己修復システムがサービスを再起動しようとしたときに、すべてのサービスを再起動するためのデータ ドライブ上の利用可能なディスク領域が不十分でした。 自己修復システムは、一部のサービスが完全に再起動しなかったことを検出せず、システムが完全に機能していると宣言しました。次のうち、サイレント障害が発生した理由を最もよく表しているのはどれですか?	",ディスク使用率のアラームが、サービスの再起動に必要な値よりも高くなっています。,システム ログが時期尚早にローテーションされました。,自己修復クラスターのノード数は正常でした。,サービス再起動前の条件チェックが成功した。
法医学（フォレンジック）捜査官は、次のうちどの目的でコマンドを使用しますか。,失われたファイルの回復。,ディスクのクローン作成。,ネットワークでキャプチャされたパケットの分析。,メールアドレスなどの特徴を抽出する。
ある会社が新しいビデオカードをリリースしました。 供給が限られており、需要が高まっている為、攻撃者は自動化されたシステムを使い、同社のウェブストアを通じてデバイスを購入し、二次市場で転売しています。同社の対象顧客は不満を抱いています。 セキュリティ エンジニアは、Web ストアに CAPTCHA システムを実装して自動化されたシステムを通じて購入するビデオ カードの数を減らすことを提案しています。 次のうち、リスクのレベルを説明しているのはどれですか?,固有,緩和,残留,移転
最高情報責任者 (CIO) は、組織全体にエンタープライズ モビリティを実装したいと考えています。目標は、従業員が会社のリソースにアクセスできるようにすることです。ただし、CIO は、構成設定を強制しデータを管理し、会社所有のデバイスと個人のデバイスの両方を管理する機能を望んでいます。この目標を達成するために CIO が実装する必要があるのは、次のうちどれですか?,COPE,BYOD,CYOD,MDM
セキュリティ エンジニアは、従業員ユーザーの Web トラフィックを保護するために CASB（Cloud Access Security Broker） を実装する必要があります。重要な要件は、関連するイベント データを既存のオンプレミス インフラストラクチャ コンポーネントから収集し、CASB で消費してトラフィックの可視性を拡張する必要があることです。 このソリューションは、ネットワーク停止に夜間でも耐えられるものでなければならない。（ネットワークの停止に対して非常に回復力がある必要があります。）次のアーキテクチャ・コンポーネントのうち、どれが最も適していますか？,ログ収集モード,リバース プロキシ,AWAF,API モード
セキュリティ エンジニアは、次のような最近のデータ侵害インシデント後のイベントの記録を確認しています。• ハッカーが偵察を行い、同社のインターネットに接続された Web アプリケーション資産のフットプリントを残しました。• サードパーティ製ホラリーの脆弱性がハッカーによって悪用され、ローカル アカウントが侵害されました。• ハッカーは、アカウントの過剰な権限を利用してデータ ストアにアクセスし、検出されずにデータを盗み出しました。この種の攻撃が今後成功するのを防ぐのに役立つ最善の解決策は、次のうちどれですか?,セキュアWebゲートウェイ,ソフトウェア構成分析,ユーザー行動分析,Web アプリケーション ファイアウォール
米国に拠点を置く会社は、EU 市民の保険の詳細情報を保持しています。 EU 市民の個人、プライベート情報、および機密データを処理する際に遵守する必要があるのは、次のうちどれですか?,合法、公正、透明な処理の原則,個人データ消去要求の忘れられる権利の原則,否認防止と否認の原則,暗号化、難読化、およびデータマスキングの原則
組織は、OT ネットワーク内のシステムの自動化機能を研究しています。 セキュリティ アナリストは、安全なコーディング プラクティスの作成を支援したいと考えており、PLC(プログラマブル・ロジック・コントローラ) で使用されるプログラミング言語について学びたいと考えています。 次のプログラミング言語のうち、PLC に最も関連するのはどれですか?,Ladder logic,Rust,Python, Java
脆弱性評価エンドポイントは、最新の調査結果のレポートを生成しました。セキュリティ アナリストはレポートを確認し、対処する必要がある項目の優先リストを作成する必要があります。 リストをすばやく作成するためにアナリストが使用する必要があるのは、次のうちどれですか?,ビジネスインパクト評価,CVE の日付, CVSS スコア,OVAL
組織が ISO 27018 規格を満たすために必要なものは次のうちどれですか?,すべての Pll（個人情報） は暗号化する必要があります。,すべてのネットワーク トラフィックを検査する必要があります。,GDPR（General Data Protection Regulation） と同等の基準を満たす必要があります。,COBIT（Control Objectives for Information and related Technology） と同等の基準を満たす必要があります。
新興企業の最高情報セキュリティ責任者は、セキュリティ エンジニアに、以前はほとんど監視されていなかった環境にソフトウェア セキュリティプログラムを実装するよう依頼しました。この状況でエンジニアが利用するのに最適なテスト方法は次のうちどれですか?,ソフトウェア構成分析,コードの難読化,静的分析,動的分析
セキュリティ コンサルタントは、Active Directory を持たない小規模オフィスのワイヤレス セキュリティを設定する必要があります。 中央のアカウント管理がないにもかかわらず、オフィス マネージャーは、ワイヤレス認証に対するブルート フォース攻撃を防ぐために高レベルの防御を確保したいと考えています。このニーズを満たすのに最適なテクノロジは、次のうちどれですか?,WPA3 SAE,ファラデーケージ,WPA2 PSK,WEP 128 ビット
ある企業は最近 SaaS プロバイダーを買収し、顧客のエクスペリエンスに影響を与えることなく、そのプラットフォームを企業の既存のインフラストラクチャに統合する必要があります。SaaS プロバイダーには成熟したセキュリティ プログラムがありません。SaaS プロバイダーのシステムの最近の脆弱性スキャンでは、非常に古い Oss に起因する複数の重大な脆弱性が示されています。これらの脆弱性が会社の既存のインフラストラクチャに導入されるのを防ぐソリューションは、次のうちどれですか?,システムをセグメント化して、攻撃が発生した場合に攻撃対象領域を減らす。,サポートされ、パッチが適用された OSを備えた新しいシステムにサービスを移行します。,システムに既存の OS の最新バージョンのパッチを適用する。,アンチマルウェアを導入する。各システムにHIPS、ホストベースのファイアウォールを設置する。
HVAC（Heating、Ventilation、and Air Conditioning） 請負業者は、会社で機器の問題をリモートでサポート/トラブルシューティングするために、ネットワーク接続の許可を要求しました。 現在、会社には、ベンダーが企業ネットワークにリモート アクセスできるようにするプロセスがありません。次のソリューションのうち、請負業者がアクセスできるようにするための最善の方法はどれですか?,企業ネットワークにアクセスできない専用セグメントを作成する ベンダー アクセス専用の VPN ハードウェアを実装する。,ベンダーの機器を既存のネットワークに追加する 標準の企業 VPN を介してベンダーにアクセスを許可する。,ベンダーに、機器を接続するための標準のデスクトップ PC を提供します。ベンダーに、標準の企業 VPN を介したアクセスを提供します。,ベンダーの認証プロセスを確立する 認定ベンダーが VDI（Virtual Desktop Infrastructure） にアクセスして、HVAC 機器を監視および保守できるようにする。
次のうち、罰則がなく、同じ目標に向かって協力する2つの団体が締結できる協定はどれか？,MOU,NDA,SLA, ISA
"セキュリティ コンプライアンス要件では、機密データを処理する特定の環境は、知っておく必要のある制限（need-to-know制限）によって保護する必要があり、承認されたエンドポイントにのみ接続できることが規定されています。この要件には、環境内の DLP ソリューションを使用して、データが環境外に出ないように制御する必要があることも記載されています。特権ユーザーがコンプライアンスを維持しながらワークステーションから環境をサポートできるようにするには、次のうちどれを実装する必要がありますか?	",スクリーニングされたサブネットのジャンプ ボックス,許可されたエンドポイントを制御するための NAC,データを格納するサーバー上の FIM,プライマリ ネットワークへの一般的な VPN ソリューション
"ネットワーク チームは、会社の全従業員に安全なリモート アクセスを提供するよう依頼されました。 このチームは、クライアントからサイトへのVPNをソリューションとして使用することを決定しました。	しかし、情報セキュリティーの最高責任者がセキュリティーの問題を指摘し、リモートユーザーのインターネットトラフィックをメインオフィスのインフラにルーティングするようネットワークチームに要求しました。こうすることで、リモートユーザーがVPN接続中にローカルネットワークを通じてインターネットにアクセスするのを防ぐことができます。	この説明を解決する策は次のうちどれですか?	",フルトンネリング,非対称ルーティング,SSHトンネリング,スプリット トンネリング
セキュリティ コンサルタントは、製造工場で使用されるエネルギーの監視と制御に使用される電気リレーのネットワークを保護する必要があります。コンサルタントが推奨を行う前に確認する必要があるシステムは、次のうちどれですか?,SCADA,CAN,ASIC,FPGA
A社はB社を買収しました。 監査中に、セキュリティ エンジニアは、B 社の環境に不適切なパッチが適用されていることを発見しました。 これに対応して、A 社は、B 社のインフラストラクチャが A 社のセキュリティ プログラムに統合されるまで、2 つの環境の間にファイアウォールを配置しました。次のリスク処理手法のうち、使用されたものはどれですか?,緩和,受容,回避,転送
組織は、最新の評価で特定されたリスクを修復または軽減するための取り組みに優先順位を付けています。 リスクの 1 つについては、完全な修復は不可能でしたが、組織は緩和策を適用して影響の可能性を減らすことに成功しました。次に組織がアクションを実行する必要があるのはどれですか?,残存リスクを評価します。,組織の脅威モデルを更新します。,レジスタ内の次のリスクに移動します。,影響の大きさを再計算します。
ソフトウェアハウスが新しいアプリケーションを開発しています。 アプリケーションには次の要件があります。・クレデンシャル(認証) リクエストの数をできる限り減らす・ソーシャル ネットワークとの統合・ユーザーを認証する　アプリケーションに使用するのに最適なフェデレーション方法は次のうちどれですか?,SAML,WS フェデレーション,OpenID,OAuth
"ある企業は、データベースに保存されているデータを非表示にするソリューションを探しています。 ソリューションは、次の要件を満たす必要があります。・生産環境を効率的に保護する・アプリケーションを変更する必要はありません・プレゼンテーション層で行動する	次のどのテクニックを使用する必要がありますか?	",マスキング,トークン化,アルゴリズム,ランダム置換
米国を拠点とする企業の不正調査に取り組んでいる法医学の専門家が、証拠としていくつかのディスクイメージを収集しました。廃棄する前に、データの残りを復元できないようにするために使用する最善の方法は次のうちどれですか?,裁判所,弁護士,経営陣,警察
技術者は、現在のサーバーハードウェアが古くなっていると判断したため、廃棄することにしました。廃棄する前に、データの残りを復元できないようにするために使用する最善の方法は次のうちどれですか?,物理的破壊,ドライブワイプ,消磁（デガウス）,パージ
侵入テスターは、Windows サーバーでルート アクセス権を取得し、エンゲージメント ルールに従って、永続化(システム維持)のためにポストエクスプロイトを実行することが許可されています。次の手法のうち、これをサポートするのに最も適しているのはどれですか?,バックドアの作成,起動時に systemd サービスを自動的に実行するように設定する,任意コード実行エクスプロイトの悪用,より権威のあるサーバー/サービスに切替を実施する
大規模な多国籍メーカーのセキュリティ アーキテクトは、トラフィックを監視するためのセキュリティ ソリューションを設計および実装する必要があります。ソリューションを設計する際、セキュリティアーキテクトは、ネットワークに対する攻撃を防ぐために、次のどの脅威に焦点を当てるべきでしょうか。,時間経過とともに複数の勧誘応答が発生する,サイズや長さが間違っているパケット,DNP3 ポートで DNP3 以外の通信を使用した場合,非対応の暗号化アルゴリズムの適用
"セキュリティ管理者は、セキュリティ実装ガイドラインに従ってアカウント ポリシーを構成しました。ただし、アカウントは依然としてブルート フォース攻撃を受けやすいようです。 次の設定は、既存のコンプライアンス ガイドラインを満たしています。・15 文字以上である必要があります・1 つの数字を使用する必要があります・1 つの大文字を使用する必要があります・過去に使用した 12 個のパスワードの 1 つであってはなりません	セキュリティを強化するために追加する必要があるポリシーは次のうちどれですか?									",アカウントのロックアウト,パスワードの複雑さ,パスワード履歴,時間ベースのログイン
サイバーセキュリティ アナリストが、公開された可能性のある秘密鍵を発見しました。鍵が侵害されたかどうかをアナリストが判断するための最良の方法は次のうちどれですか?, CSR（Certificate Signing Request）,HSTS（HTTP Strict Transport Security）,CRL（Certificate Revocation List）,OCSP（Online Certificate Status Protocol）
"重要度の低いサードパーティ ベンダーを組織が評価したところ、そのベンダーにはサイバーセキュリティ保険がなく、	IT スタッフの離職率が高いことがわかりました。 組織はベンダーを使用して、顧客のオフィス機器をあるサービス場所から別の場所に移動します。 ベンダーは、API を介して顧客データとビジネスへのアクセスを取得します。この情報が与えられた場合、次のうち注目すべきリスクはどれですか?",ベンダーのデータ侵害（漏洩）による金銭的責任,ソフトウェア開発サイクルの延長による機能の遅延,API 設定への技術的な影響,ベンダーの事業が操業を停止する可能性
次のプロトコルのうち、PAN ネットワークの作成を可能にする低電力、低データ レートのプロトコルはどれですか?,Zigbee,CAN,DNP3,Modbus
セキュリティ チームは、組織を離れたスタッフ メンバーからの談合（共謀）と価格設定に関する情報を求める規制当局からの通知を受け取りました。法務部門は、セキュリティ チームに、調査する検索用語のリストを提供しました。これは次のどの例に該当しますか？,当然行われるべき義務・努力,電子情報開示,十分な注意,訴訟ホールド（法的保留）
企業の最高情報セキュリティ責任者は、同社が提案しているクラウドへの移行により、VPC（Virtual Private Cloud） 内のネットワークトラフィックフローログが見えなくなる可能性があることを懸念しています。この状況で実装するのに最適な代替コントロールは次のうちどれですか?,SIEM,EDR,HIDS,UEBA
脆弱性スキャナーは、企業の Linux サーバーの 1 つで、オープンソースのファイル共有アプリケーションの古いバージョンを検出しました。 このソフトウェア バージョンは OSS コミュニティによってサポートされなくなりましたが同社の Linux ベンダーは修正をバックポートし、現在のすべての脆弱性に適用し、将来的にソフトウェアをサポートすることに同意しています。この合意に基づいて、この調査結果は次のように分類されるのが最適です。,偽陽性,真陽性,真陰性,偽陰性
次のテクノロジのうち、CSPが複数のデータ ストレージに暗号化を追加できるのはどれですか?,ビット分割,対称暗号化,準同型暗号,データ分散
"ある組織の既存のインフラには、データセンター間のサイト間VPNが含まれています。過去1年間に、巧妙な攻撃者がVPNコンセントレータのゼロデイ脆弱性を悪用したことがあります。そのため、最高情報セキュリティ責任者（CISO）は、VPNソリューションに対して再びゼロデイ攻撃された場合のサービス損失のリスクを軽減するために、インフラの変更を行っています。CISOが使用するのに最適な設計は次のうちどれでしょうか。	",代替ベンダーのVPNコンテンポレータで2番目の冗長層を追加する。,既存のサイト間VPN接続でBase64エンコードを使用する。,VPNサイト間でセキュリティリソースを分散させる。,各VPNコンセントレータでIDSサービスを実装する。
あるセキュリティアナリストが、1台のサーバーで悪意のあるPowerShell攻撃を検出しました。このマルウェアは、Invoke-Expression関数を使用して、外部の悪意のあるスクリプトを実行しました。セキュリティアナリストは、アンチウイルスアプリケーションでディスクをスキャンしましたが、IOC【Indicator of Compromise（侵害指標）】は見つかりませんでした。セキュリティアナリストは、このタイプのマルウェアに対する保護ソリューションを導入する必要があります。次のうち、このソリューションで保護すべきマルウェアの種類を最もよく表しているのはどれですか。,ファイルレス,ワーム,ロジックボム,ルートキット
"ある最高情報責任者（CIO）は、以下の要件を満たすクラウドソリューションを導入したいと考えています。	・SDLC（Systems Development Life Cycle）の全フェーズをサポートすること。	・カスタマイズされたWebサイトのポータルソフトウェアを使用すること。	・独自のゲートウェイソフトウェアを構築し、使用することができるようにすること。・独自のデータ管理プラットフォームを使用すること。・エージェントベースのセキュリティツールの使用を継続すること。CIOが導入すべきクラウドコンピューティングモデルは次のうちどれですか？								",IaaS,SaaS, PaaS,MaaS
使用中のデータを保護するために暗号化ソリューションを活用することで、データが暗号化されることを保証します。,処理中のメモリ内。,ローカルネットワークを介して渡されるとき。,システムのソリッドステートドライブに書き込まれるとき。,企業のハードウェアセキュリティモジュールによって。
ある組織がディザスターリカバリープランを策定しています。このプランでは、データをバックアップし、瞬時に利用できるようにすることが求められています。この要件に対処するために、次のうちどれを最初に検討すべきでしょうか？,重要なビジネスプロセスを特定し、関連するソフトウェアとハードウェアの要件を決定する。,システムが適切なバージョンを使用していることを確認するために、変更管理計画を実施する。,イベント発生時に派遣できるよう、オンコールスタッフを追加で雇用する。,事業継続のための適切なウォームサイトを設計する。
CSP（クラウドソリューションプロバイダー） の観点から見たクラウド固有のリスクで最も重要なものは次のうちどれでしょうか。,管理プレーンの違反,分離制御の失敗,安全でないデータ削除,リソースの枯渇
最近発生した情報漏えい事件により、ある企業が顧客データを含む多数のファイルをストレージ環境全体に保有していることが明らかになりました。これらのファイルは、従業員ごとに個別化されており、様々な顧客の注文、問い合わせ、問題の追跡に使用されています。これらのファイルは暗号化されておらず、誰でもアクセスすることができます。経営陣は、既存のプロセスを中断させることなく、これらの問題に対処したいと考えています。セキュリティアーキテクトは次のうちどれを推奨すべきでしょうか。,データを統合し、プロセスと必要性に基づいてアクセスを提供する CRM アプリケーション,顧客データを含むファイルを特定し、それらを削除するためのDLPプログラム,どのプロセスが追跡される必要があるかを特定するためのERPプログラム,セキュリティベースラインに設定されていないシステムを報告するためのCMDB
最近、クラウドベースの生産性ソフトウェアを使用する従業員の企業アカウントへの不正アクセスに起因するデータ侵害が発生しました。攻撃者は、サードパーティのOAuthアプリケーションに与えられた過剰な許可を悪用して、機密情報を収集しました。次のうち、不適切なアクセスや権限の問題を軽減するのに最適なものはどれですか。, CASB,SIEM,WAF,SOAR
営業部門のユーザーが不審な添付ファイルを開いてしまいました。その後、営業部門はSOCに連絡し、応答しない多数のシステムを調査し、チームはファイルと攻撃の発信源を特定することに成功しました。次のうち、インシデント対応計画の次のステップはどれですか?,封じ込め, 改善,レスポンス,リカバリー
新規口座開設の際には、パスポートや運転免許証などの書類のアップロードが必要です。また、このプロセスでは、提供された書類と比較するために、お客様自身の現在の写真を撮影する必要があります。このプロセスを説明する最も適切なものは次のうちどれでしょうか。,eKYC,Deepfake,身元確認,パスワードレス
過去1年間の攻撃パターンを検証したところ、攻撃者は侵害しやすいシステムを見つけた後に偵察を中止していることがわかりました。同社は、貴重な攻撃情報を得ながら、この情報を使って環境を保護する方法を見つけたいと考えています。同社が実施するのに最適なのは次のうちどれでしょう。,ハニーポット,WAF,IDS,SIEM
次のうち、パスワードレス認証ソリューションを導入する最も大きなメリットはどれでしょうか？,アカウントの漏洩の可能性が低くなる。,バイオメトリクス認証は不変である。,ゼロトラストを達成できる。,プライバシーリスクを最小化する。
ある企業の製品サイトで最近、APIの呼び出しに失敗し、顧客が製品をチェックアウトして購入することができなくなりました。このような障害は、顧客の喪失や市場における会社の評判の低下につながる可能性があります。システムが利用できなくなるリスクに対処するために、会社が実施すべきことは次のうちどれでしょうか。,自己回復システム,ユーザーとエンティティの行動分析（UEBA）,報告システムの二重化,アプリケーション制御
"ある企業のネットワーク上のホストが、SMB（Server Message Block）経由で拡散していると思われるワームに感染しました。セキュリティアナリストは、このインシデントを阻止すると同時に、その後の調査とマルウェア解析のための証拠を維持することを課されました。最初に実行するのに最適な手順は次のうちどれですか?	",すべてのネットワーク接続を削除して、感染したホストをネットワークから隔離します。,感染したホストを直ちにオフにします。,感染したホスト上でアンチマルウェアの完全なスキャンを実行します。,SMB 接続の発信を防ぐために、ホストの smb.conf ファイルを変更します。
ある製薬会社で、最近、顧客向けウェブポータルにセキュリティ侵害が発生しました。攻撃者はSQLインジェクション攻撃を行い、同社が管理するデータベースからテーブルをエクスポートし、顧客情報を流出させました。この会社は、IaaSモデルを利用したCSPでアプリケーションをホストしています。この侵害の最終的な責任は、次のどの当事者にあるか。,製薬会社,クラウドソフトウェアプロバイダ,ウェブポータルソフトウェアベンダー,データベースソフトウェアベンダー
あるネットワークチームがセキュリティ管理者に、Web ブラウザの Flash を有効にするよう依頼しました。ネットワークチームは、重要なレガシー組込みシステムが様々なデバイスからSNMP情報を収集していると説明しました。このシステムは、Flashが動作するWebブラウザーを通してのみ管理することができます。この組み込みシステムは1年以内に交換される予定ですが、現時点ではまだ重要です。セキュリティ管理者は、リスクを軽減するために次のうちどれを行うべきでしょうか？,管理インターフェイスをプライベート VLAN に分離し、VM 内のレガシーブラウザを必要に応じて使用してシステムを管理できるようにする。,ネットワークチームにFlashが使えなくなった理由を説明し、交換のスケジュールを早めるように要求する。,レガシーシステムをネットワークからエアギャップし、管理用にクロスオーバーケーブルでシステムに接続するために、使用済みOSが入ったラップトップを用意する。,ネットワークチームが、元の組み込みシステムのベンダーに連絡して、Flashを必要としないシステムのアップデートを入手するよう提案する。
組織のハント チームは、持続的な脅威が存在し、企業ネットワークにすでに足場を築いていると考えています。悪意のある活動を発見するにあたり、敵対者を誘い出すためにハントチームが使用するのに最適な技術は次のうちどれでしょうか？,隣接するホストでおとりファイルを実装する。,SOARツールを配備する。,ユーザーパスワードの履歴と長さの要件を変更する。,新しい分離とセグメンテーションのスキームを適用する。
"ある技術者がログを確認したところ、3ヶ月の間に大量のファイルがリモートサイトに転送されていることに気づきました。その後、このアクティビティは停止しました。	ファイルは、これらのサイトにトラフィックを送信しないシステムから、TLSで保護されたHTTPセッションを介して転送されました。	技術者は、この脅威を次のように定義します。",高度な永続的な脅威,時代遅れの弱体化した暗号化攻撃を使ってRSAを解読する,ゼロデイ攻撃,オンパス攻撃
ある企業が、ミッションクリティカルなプロセスの運用に使用するソフトウェアのライセンスを購入することにしました。サードパーティの開発者はこの業界では新参者ですが、会社が現時点で必要としているものを提供してくれています。サードパーティがアプリケーションのサポートを停止した場合に、ソースコードエスクローを利用することで会社の運用リスクを軽減できる理由を最もよく表しているのは次のうちどれでしょうか。,会社は、開発を継続するために最新バージョンにアクセスできる。, 会社は、サードパーティの開発者にサポート継続を強制することができる。,会社は、サードパーティの開発プロセスを管理することができる。,会社は、開発会社（サードパーティー）から新たな開発チームを雇うための費用を受け取ることができる。
あるセキュリティエンジニアは、開発チームが機密性の高い環境変数をコードにハードコーディングしていると考えています。次のうち、会社のCI/CDパイプラインの安全性を確保するのに最適なものはどれでしょうか。,信頼できるシークレットマネージャーを利用する,DAST を毎週実行する,コンテナー オーケストレーションの使用を導入する,インスタンスのタグ付けを展開する
CASB（Cloud Access Security Broker）や第三者機関への暗号鍵の受け渡しについて、次のうちどれを指すか。,キーエスクロー,鍵の共有,鍵の配布,鍵の復元
ある企業が、秘密鍵と公開鍵を利用して、接続文字列を確実に保護するAPIを導入しています。APIに接続するために、顧客は秘密鍵を使用する必要があります。要求文字列でハードコードされた文字列の使用を防ぎながら、データベースへの REST API 接続を最も安全に保護するのは次のうちどれですか?,すべてのAPIにVPNを実装します。,DSAで鍵に署名します。,サービスアカウントにMFAを導入する。,鍵にHMACを利用する。
"ある組織が、以下の要件を満たすネットワークアーキテクチャを設計している。・ユーザーは、事前に定義されたサービスにのみアクセスすることができます。	・各ユーザーは、アクセスに対して一意の許可リストを定義します。	・システムは、1対1のサブジェクト/オブジェクトのアクセス経路を動的に構築します。これらの要件を満たすために、組織は次のどのアーキテクチャ設計を使用する必要がありますか？",ソフトウェアデファインドネットワーキングによって有効化されるマイクロセグメンテーション,モバイルアプリケーションで実現するピアツーピアのセキュアな通信, APIゲートウェイによるプロキシされたアプリケーションデータ接続,ネットワークインフラ機器によるVLANの実現
クライアントは、認証を必要としない一連の負荷分散された API にアクセスしようとすると、速度が遅いと報告しています。APIをホストしているサーバーは、CPUの使用率が高いことを示しています。API の前に設置されている WAF には、アラートは検出されていません。セキュリティエンジニアは、タイムリーにパフォーマンスの問題を改善するために、次のうちどれを推奨しますか。,API にレート制限を実装します。,WAF でジオブロッキングを実装します。,APIにOAuth2.0を導入します。,APIに入力検証を実装します。
あるセキュリティアナリストが、クライアントに代わって脆弱性評価を実施しています。アナリストは、何が組織に対するリスクであるかを定義しなければなりません。次のうちどれがアナリストの最初の行動となるべきでしょうか？,情報およびデータ資産の完全なインベントリを作成する。,重要なリソースの可用性に対する攻撃の影響を確認する。,どのセキュリティ コンプライアンス標準に従うべきかを判断する。,システム全体への侵入テストを実行して、脆弱性を特定します。
"ある会社のコンピュータ機器は、改装中にドアの両側にカメラが配置された安全な保管庫に移されました。ドアはセキュリティチームが発行するカードリーダーで施錠され、セキュリティチームと部門管理者のみがこの部屋にアクセスできます。会社は、許可された従業員を友連れすることで、保管室に入る不正な個人を特定できるようにしたいと考えています。次のプロセスのうち、この要件を最もよく満たすのはどれですか?	",有効なアクセス要求に対応するカメラ映像を監視する。,セキュリティと管理者の両方がドアを開けることを要求する。,アクセス拒否のリクエストを確認するために、部門管理者に要求する。,新しい入室バッジを週単位で発行する。
ある侵入テスト担当者がWindowsサーバーのルートアクセスを取得し、エンゲージメント ルールに従って、永続化のためのポストエクスプロイトを行うことが許可されています。次のどの技術がこれをサポートするのに最適なのでしょうか。,バックドアを作成する,起動時に自動的に実行されるように systemd サービスを構成する,任意のコードを実行するエクスプロイトを利用する,より権威のあるサーバー/サービスへ横移動する
"ある企業の SOC が、特定の脆弱性を利用したアクティブなキャンペーンに関する脅威情報を受け取りました。この企業は、このアクティブなキャンペーンに対して脆弱であるかどうかを判断したいと考えています。会社はこの決定をするために次のどれを使うべきですか。	",システム侵入テスト,脅威ハンティング,SIEMツールでのログ解析,サイバー・キルチェーン
ある開発者が、ある会社のために新しいモバイルアプリケーションを作成しています。このアプリケーションは、REST API と TLS 1.2 を使用して、外部のバックエンドサーバと安全に通信しています。この構成のため、会社は HTTPS 傍受攻撃について懸念しています。このタイプの攻撃に対する最良の解決策は次のうちどれでしょうか。,証明書のピン留め,Cookie,ワイルドカード証明書, HSTS
"ある組織が、リモートワークをサポートするためのBYOD標準を検討しています。このソリューションの最初の段階では、承認されたコラボレーションアプリケーションのみを使用し、これらのアプリケーション間で企業データを移動する機能を使用する予定です。セキュリティチームは、以下について懸念しています。	・従業員が退職した後、非構造化データが流出すること ・認証情報の漏洩によりデータが流出すること ・電子メール内の機密情報が流出すること 	データ損失のリスクを軽減するために、セキュリティチームが実施すべきソリューションは次のうちどれでしょうか。	",モバイルデバイス管理、リモートワイプ、データ損失検知,条件付きアクセス、DoH、フルディスク暗号化,モバイルアプリケーション管理、MFA、DRM,証明書、DLP、ジオフェンシング
あらゆるクラスの脅威を排除しようとしている運送会社は、カスタム Android デバイスが荷物追跡専用に使用されるようにする SELinux ポリシーを開発しています。このポリシーをコンパイル（翻訳）して実装した後、次のどのモードでデバイスを実行するように構成する必要がありますか？,強制,保護,許可,必須
データ流出の申し立てを調査しているある地方自治体は、悪意のあるユーザーの行動のフィンガープリントを確認するよう求められました。調査員は、VMのフォレンジックイメージを取り、政府に共有するために保護されたUSBドライブにイメージをダウンロードしました。ドライブを政府に公開する過程で考慮すべきは次のうちどれでしょうか。,管理の連鎖(証拠保全),転送中の暗号化,ボラティリティの順序,鍵の交換
"ある企業では、世界的なパンデミックにより、全スタッフがリモートワークを開始しました。	リモートワークへの移行に伴い、同社はSaaS型コラボレーションツールに移行しました。人事部では、これらのツールを使って機密情報を処理したいと考えていますが、データが流出することを懸念しています。・書類の印刷によるメディアへの流出	・個人的な電子メールアドレスに送信される	・システム管理者によるアクセスと閲覧 ファイルストレージサイトへのアップロード この部門の懸念を軽減するのは次のうちどれでしょうか。",VDI、プロキシ、CASB、DRM,データ消失検知、リバースプロキシ、EDR、PGP,電子透かし、フォワードプロキシ、DLP、MFA,プロキシ、セキュアVPN、エンドポイント暗号化、AV
平文の知識がなくても暗号文の中のデータの計算や解析が可能なものはどれか。,準同型暗号,格子型暗号,量子コンピューティング,非対称暗号
あるセキュリティエンジニアは、同社の人気ウェブアプリケーションが1日あたり100件の侵入未遂に遭っていると推定している。過去4年間で、この会社のデータは2回侵入されたことがあります。エンジニアは、成功した侵害のARO（年間発生率）として次のうちどれを報告すべきですか？,50,0.5,8,"36,500"
"ある組織が開発したソーシャルメディアアプリケーションは、世界中の遠隔地にいる複数の顧客に利用されています。この組織の本社と唯一のデータセンターは、ニューヨーク市に位置しています。最高情報セキュリティ責任者は、ソーシャルメディアアプリケーションについて、以下の要件が満たされていることを確認したいと考えています。・ユーザーのエクスペリエンスを向上させるために、すべてのモバイルユーザーに対して低遅延を実現すること	・Webサーバーのパフォーマンスを向上させるためのSSLオフロード	・DoS攻撃やDDoS攻撃からの保護 高い可用性	すべての要件が満たされるようにするために、次のうちどれを実装するべきですか？	",データセンターにオリジンを設定したCDN,データセンター内のキャッシュサーバーファーム,SSLアクセラレーションを備えた、負荷分散されたリバースプロキシサーバー群,DDoS対策済みのギガビットスピードのデュアルインターネット接続
最近、ある組織がランサムウェアの攻撃を受けました。セキュリティチームリーダーは、この攻撃の再発を懸念しています。しかし、それ以上のセキュリティ対策は実装されていません。潜在的な防止策の推奨事項を特定するために使用できるプロセスは次のうちどれですか？,準備,検出,修復,リカバリー
"あるセキュリティアナリストが、SIEM から、認証されたパブリック SSH ジャンプサーバ上の異常なアクティビティに関するアラートを受け取りました。さらに調査するために、アナリストは/var/log/ auth.logから直接イベントログを取り出します： graphic.ssh_auth_log.	ログ内のアクティビティによる潜在的なリスクに対処するのに最適なアクションは次のうちどれですか?	",外部ポート22へのアクセスを制限する,サービスアカウントのパスワードが誤って構成されていることを警告する,AllowUsers 構成ディレクティブを修正する,ホストキー認証の実装
"セキュリティエンジニアは、以下の要件を満たすソリューションを推奨する必要があります。	・プロバイダのネットワークにある機密データを特定する	・企業および規制ガイドラインのコンプライアンスを維持する	・インサイダー脅威、特権ユーザ脅威、不正アカウントの検出と対応 暗号化、トークン化、アクセス制御などのデータセンター・セキュリティの実施　これらの要件に対応するためにセキュリティ・エンジニアが推奨すべきソリューションは次のうちどれでしょうか。",DLP,WAF,CASB,SWG
ある中小企業が、生産・販売するオーディオ録音の盗難検知に低コストで取り組む必要があります。この企業のニーズに最も合致するのは、次のどの技術でしょうか？,ステガノグラフィーの実装。,すべてのデジタルオーディオファイルのディープパケットインスペクションを実行する。,デジタルオーディオファイルに識別用のファイルシステムメタデータを追加する。,DRMスイートの購入とインストール。
ある組織が最近、顧客のクレジットカード情報の処理、送信、保管を開始しました。その結果、1週間以内に大規模な情報漏えいが発生し、顧客の情報が流出しました。このような情報を保護するための最も適切な指針は、次のうちどれでしょうか。,PCI DSS,NIST,GDPR, ISO
ある企業は、パートナーとのNDAに基づき、対象データの処理と保存の制約を定義してデータを処理しています。この契約は、現在、対象データのクラウドへの移行を許可していないため、会社は契約の条件を再交渉したいと考えています。データをクラウドに移行するための合意形成に最も役立ちそうなのは、次のうちどれでしょうか。,マルチテナンシーによる損失リスクを軽減するためのデータ保護スキームを設計する。,高可用性を実現するために、多様なCSPに冗長なストアとサービスを導入する。,OS やハードウェア・アーキテクチャをエミュレートして、CSP から見たオペレーションをぼやかす。,マネージド FIM サービスを購入し、対象データへの変更を検出した場合に警告を発する。
あるセキュリティ設計者が、データベースのバックエンドを使用する Web アプリケーションを実装しています。実装に先立ち、このアーキテクトは XSS 攻撃の可能性を懸念しており、これらの攻撃を防止するために実施可能なセキュリティ対策を特定したいと考えています。このセキュリティ上の懸念に対処するために、アーキテクトは次のどの情報源を参照することができますか。,OVAL,SDLC,IEEE,OWASP
ある大規模多国籍メーカーのセキュリティアーキテクトは、トラフィックを監視するためのセキュリティソリューションを設計し、実装する必要があります。このソリューションを設計する際、ネットワークに対する攻撃を防ぐためにセキュリティアーキテクトが注目すべき脅威は次のうちどれでしょうか。,時間の経過に伴う複数の要請応答,不適切なサイズまたは長さのパケット,DNP3 ポートでの非 DNP3 通信の使用,サポートされていない暗号化アルゴリズムの適用
最近発生した情報漏洩事件により、ある企業が顧客データを含む多数のファイルをストレージ環境全体に保有していることが明らかになりました。これらのファイルは、従業員ごとに個別化されており、様々な顧客の注文、問い合わせ、問題の追跡に使用されています。これらのファイルは暗号化されておらず、誰でもアクセスすることができます。経営陣は、既存のプロセスを中断させることなく、これらの問題に対処したいと考えています。セキュリティアーキテクトは次のうちどれを推奨すべきでしょうか。,データを統合し、プロセスと必要性に基づいてアクセスを提供する CRM アプリケーション,顧客データを含むファイルを特定し、それらを削除するためのDLPプログラム,どのプロセスが追跡される必要があるかを特定するためのERPプログラム,セキュリティベースラインに設定されていないシステムを報告するためのCMDB（Configuration Management Database）
ある企業が、顧客向けの生産システムの大半をクラウドに移行しています。IaaSが使用されているサービスモデルです。最高経営責任者は、利用可能な暗号化の種類を懸念しており、ソリューションが最高レベルのセキュリティを備えている必要があることを要求しています。クラウドセキュリティエンジニアは、実装段階で次のどの暗号化方式を選択すべきですか？,インスタンスベース,ストレージベース,プロキシベース,アレイコントローラベース
ある企業が、住宅ローンの承認依頼を処理するために、EUに居住する個人の顧客データを保管しています。この企業のIT管理者は、次のうちどれを考慮する必要がありますか。,個人データを消去する権利,個人データの可用性,会社の年間売上高, Webアプリケーションの言語
"ある企業が、データベースに保存されているデータを非表示にする為のソリューションを探しています。ソリューションは、以下の要件を満たす必要があります。	・本番環境の保護に効果的であること・アプリケーションに変更を加える必要はない	・プレゼンテーション層での動作	次のうち、どの技術を使用すべきですか？	",マスキング,トークン化,アルゴリズム,ランダムな置換
ある企業がSSL検査を導入することになった。今後6ヶ月の間に、サブドメインで区切られた複数のWebアプリケーションが導入される予定です。複数の証明書を導入することなく、インスペクション(検査／調査)を可能にするのは次のうちどれでしょうか。,ワイルドカード証明書を作成する。,利用可能なすべての暗号スイートを含める。,サードパーティCAを使用する。,証明書のピン留めを実施する。
"あるネットワークチームは、会社の全従業員に安全なリモート・アクセスを提供するよう依頼されました。このチームは、クライアントからサイトへのVPNをソリューションとして使用することを決定しました。しかし、情報セキュリティーの最高責任者が、リモートユーザーのインターネットトラフィックをメインオフィスのインフラにルーティングするように要請しました。こうすることで、リモートユーザーがVPNに接続している間に	ローカルネットワークを通じてインターネットにアクセスすることを防ぐことができます。これは次のどの解決策を説明していますか？	",フルトンネリング,非対称ルーティング,SSHトンネリング,スプリットトンネリング
Webアプリケーションに深刻度の高い脆弱性が発見され、企業内に侵入されました。この脆弱性により、権限のないユーザーがオープンソースのライブラリを利用し、特権ユーザー情報を閲覧できる可能性があります。企業はリスクを受け入れたくないが、開発者はすぐに問題を修正することができません。問題が修正されるまでの間、リスクを許容レベルまで低減するために、次のうちどれを実施すべきでしょうか。,MFAを導入し、アプリケーションログを確認し、WAFを導入する。,静的コードアナライザでコードをスキャンし、特権ユーザのパスワードを変更し、セキュリティトレーニングを提供する。,特権ユーザ名を変更し、OSログを確認し、ハードウェアトークンを配備する。,VPNを導入し、公式のオープンソースライブラリリポジトリを設定し、脆弱性についてアプリケーションの完全なレビューを実行する。
ある組織は、BCP の作成に関する NIST（米国立標準技術研究所） のベスト プラクティスを参照しながら、ミッションに不可欠な項目に関する現在の内部組織プロセスを見直しています。重要なシステムおよび機能の特定と優先順位付けを確立するフェーズは以下のうちどれでしょうか。,ビジネスインパクト分析を行う。,最近のギャップ分析を見直す。,費用対効果分析を行う。,暴露係数マトリックスを作成する。
penetration test（システム侵入テスト）中に、セキュリティ エンジニアが標準ユーザーとして Linux ホスト上のシェルにアクセスすることに成功し、特権レベルを昇格させたいと考えています。この目標を達成するために使用するLinuxポストエクスプロイトの有効な方法は次のうちどれですか。,sudo と sudo vim -c '!sh' のようなエスケープ文字列を使用してシェルを起動する。,ホスト上でASICパスワードクラッキングを実行する。,etc/passwd ファイルを読み込んで、ユーザ名を抽出する。,引用されていないサービスパスのエクスプロイトを開始する。
デジタル・トランスフォーメーションが進むある企業は、CSPの耐障害性を見直し、CSPのインシデント発生時にSLA要件を満たすことを懸念している。トランスフォーメーションを進める上で最適なのはどれでしょうか？,シングルテナントのアクティブ-アクティブソリューション,バックアップとしてオンプレミスのソリューション,ラウンドロビン構成のロードバランサー,マルチクラウド・プロバイダー・ソリューション
ある企業では、新しいマルウェアによるエンドポイントでの複数のサービス停止に対応するため、セキュリティアーキテクトを採用しました。最高経営責任者のノートパソコンが、自宅で作業中に影響を受けました。目標は、これ以上エンドポイントに障害が発生しないようにすることです。エッジネットワークはWebプロキシで保護されています。セキュリティ アーキテクトが推奨するソリューションは次のうちどれですか?,現在のアンチウイルスをEDRソリューションに置き換える。,Webプロキシを削除し、UTMアプライアンスをインストールする。,エンドポイントに拒否リスト機能を導入する。,現在のアンチウイルスソリューションにファイアウォールモジュールを追加する。
ある企業が、本番環境のシステムをオンプレミス環境からクラウドサービスへ移行する準備を進めています。主任セキュリティアーキテクトは、クラウド環境では、組織の現在のリスク対応方法が使えないかもしれないと懸念している。次のうち、従来のリスク対処方法がクラウドでできない可能性がある理由を最もよく表しているのはどれですか。,クラウド上のデータに対するリスクは軽減できない。,運用の移行は、すべてのリスクを受け入れることを前提としている。,クラウドプロバイダーはリスクを回避することができない。,特定のリスクをクラウド事業者に転嫁することはできない。
ある脅威ハンティングチームが、ネットワークにおける APT(Advanced Persistent Threat) 攻撃の可能性に関するレポートを受け取りました。次の脅威管理フレームワークのうち、チームが実装する必要があるのはどれですか。,MITRE ATT&CK,NIST SP 800-53,サイバー・キルチェーン,侵入解析のダイヤモンドモデル
ある電子商取引会社は、社内でウェブサーバーを運用しており、リソースの使用率は通常30％未満です。過去2回のホリデーシーズンには、接続数が多すぎたためにサーバーのパフォーマンスに問題が発生し複数の顧客が購入注文を確定することができませんでした。同社は、このようなパフォーマンスの問題を回避するために、サーバーの構成を変更しようとしています。次のうち、最も費用対効果の高い解決策はどれですか。,サーバーをクラウドプロバイダーに移行する。,オペレーティングシステムを変更する。,新しいサーバーを購入し、アクティブ-アクティブクラスタを作成する。,新しいサーバーにアップグレードする。
ある大学では、自前のID管理システムを通じて、すべての職員と学生にバッジを発行しています。夏の間、毎週、臨時のサマースクールの生徒が到着し、キャンパスの最低限のリソースにアクセスするためにバッジを発行する必要があります。セキュリティチームは、外部の監査人から、自前のシステムがセキュリティ分野のベストプラクティスと一致しておらず教育機関に脆弱性があることを示す報告書を受け取りました。セキュリティチームは次のうちどれを最初に推奨すべきでしょうか。,ID管理システムに関連するログで確認された潜在的な脅威を調査すること,裁量アクセス制御を使用するためにID管理システムを更新すること,ID管理システムに導入する2要素認証の研究を開始すること,新しいIAMシステム/ベンダーを選択するために、調達部門と協力して要件文書を作成する
ランサムウェアが、ある大手金融機関の人事部のファイル共有全体を暗号化しました。セキュリティ運用担当者は、手遅れになるまでこの活動に気づきませんでした。復旧には約4時間かかり、最後のバックアップは48時間前に行われました。経営陣は、このデータ分類の災害復旧イベントのRPOは24時間であることを示しました。RPOの要件に基づき、管理チームは次のどの推奨事項を行うべきでしょうか。,バックアップの頻度を増やし、IOCのSIEMアラートを作成する。,現在のバックアップスケジュールをそのままにして、身代金を支払ってデータを復号化する。,現在のバックアップスケジュールをそのままにして、人事のファイル共有を読み取り専用にする。,バックアップの頻度を減らし、身代金を支払ってデータを復号化する。
IT 管理者が組織内のすべてのサーバーを調べていると、root アクセスを取得できる最近のエクスプロイトに対する重要な対策がサーバーに欠けていることに気付きました。次のうち、管理者の発見を説明するものはどれですか。,脆弱性,脅威,違反,リスク
あるセキュリティアナリストが、バッファオーバーフロー攻撃の可能性について調査しています。次の出力がユーザのワークステーションで見つかりました：graphic.linux_randomization.prg 　次のテクノロジのうち、メモリセグメントの操作を軽減するものはどれですか。,NX/XN bit,ASLR,DEP,HSM
ある企業は、サイバーセキュリティの防御を強化するために、ネットワークインフラに着目しています。誤検知によって正当なトラフィックが遮断されないようにするため、このソリューションは同社のサービスの可用性に影響を与えることはできません。次のうちどれが要件を満たしますか。,NIDS,NIPS,WAF,リバースプロキシ
ある組織がサードパーティの非重要ベンダーを評価したところ、そのベンダーはサイバーセキュリティ保険に加入しておらず、IT スタッフの離職率が高いことが判明した。この組織は、顧客のオフィス機器をあるサービス拠点から別の拠点に移動させるために、このベンダーを利用している。そのベンダーは、API経由で顧客データとビジネスへのアクセスを取得している。これらの情報から、次のうち注意すべきリスクはどれか。,ベンダーのデータ漏洩による金銭的責任,ソフトウェア開発サイクルの延長による機能の遅延,API構成への技術的な影響,ベンダーの事業が停止する可能性
ある攻撃チームが新しいICカードシステムの侵入テストを実施しました。このチームは、スマートカードを高温にさらすことで秘密鍵が明らかになることを実証しました。このチームが使用したサイドチャネル攻撃は次のうちどれですか。,差分故障解析,微分電力解析,温度差解析,差分タイミング解析
あるセキュリティエンジニアが、ある組織の現在のソフトウェア開発手法を監査していたところ複数のオープンソースライブラリが、その組織のソフトウェアに統合されていることを発見しました。この組織は現在、開発するソフトウェアに対してSASTとDASTを実施しています。オープンソースライブラリのセキュリティを確保するために、組織がSDLCに組み込むべきものはどれか。,ライブラリのバージョンを追跡し、CVEに関するウェブサイトで関連する脆弱性をを監視する。,オープンソースライブラリに対して追加の SAST/DAST を実行する。,SDLCセキュリティガイドラインを実施する。,オープンソースライブラリの単体テストを実施する。
あるエネルギー会社では、過去四半期に使用された天然ガスの平均圧力を報告することが求められています。PLC は、必要なレポートを作成するヒストリアンサーバーにデータを送信します。次のヒストリアン・サーバ・ロケーションのうち、IT環境で必要なレポートを取得できるのはどれですか。,IT環境とIT環境の間で、スクリーンされたサブネットを使用する。, IT環境では、IT環境からIT環境にVPNを使用する。, IT環境では、IT環境からIT環境へITトラフィックを許可する。, IT環境では、PLCがIT環境からIT環境にデータを送信できるようにする。
次のうち、パスワードレス認証ソリューションを導入する最も大きなメリットはどれでしょうか？,アカウントの漏洩の可能性が低くなる。,バイオメトリクス認証は不変である。,ゼロトラストを達成できる。,プライバシーリスクを最小化する。
ある会社の最高情報セキュリティ責任者は、会社が提案しているクラウドへの移行によりVPC（Virtual Private Cloud）内のネットワークトラフィックフローログの可視性が損なわれることを懸念しています。このような状況で実装するのに最適な代替対策は次のうちどれですか。,SIEM,EDR,HIDS,UEBA
ある企業が、クラウドベースのインフラを利用した完全なリモートワークフォースの構築を計画しています。最高情報セキュリティ責任者は、セキュリティエンジニアに、以下の要件を満たす接続性を設計するよう依頼します。・企業が所有するデバイスを持つユーザーのみが、クラウドプロバイダーがホストするサーバーに直接アクセスできる。・各ユーザーがアクセスできるSaaSアプリケーションを会社が管理できる。・ユーザーのブラウザーの動作を監視することができる。これらの要件を満たす最適なソリューションは次のうちどれでしょうか。,VPN、CASB、セキュアWebゲートウェイ,IAMゲートウェイ、MDM、リバースプロキシ,SSLトンネル、DLP、ホストベースファイアウォール,APIゲートウェイ、UEM、フォワードプロキシ
ある新興企業の最高情報セキュリティ責任者は、セキュリティエンジニアにこれまでほとんど監視されていなかった環境にソフトウェアセキュリティプログラムを導入するよう依頼しました。このような状況でエンジニアが利用するテスト方法として最も適切なものはどれでしょうか。,動的解析,ソフトウェア構成分析,コードの難読化,静的解析
あるセキュリティエンジニアが、ローカル管理者アカウントの可視化と制御を強化することで、ユーザーエンドポイントのセキュリティ体制を強化するソリューションを導入する必要があります。エンドポイントセキュリティチームはアラートに追われており、最小限の運用負担で済むソリューションを求めています。さらに、このソリューションは、導入後も良好なユーザーエクスペリエンスを維持する必要があります。これらの目的を達成するための最良のソリューションは次のうちどれですか。,PAMを導入し、ローカル管理者グループからユーザーを削除し、昇格した特権が必要な場合はユーザーに明示的な承認を求める。,PAMを導入し、ユーザーをローカル管理者グループに所属させ、ローカル管理者アカウントの監視を有効にする。,EDR を実装し、ローカル管理者グループからユーザーを削除し、特権昇格の監視を有効にする。,EDRを実装し、ユーザーをローカル管理者グループに残し、ユーザーの行動分析を有効にする。
あるシステム管理者が、組織内の情報システムに対して脆弱性スキャンを実行する準備をしています。システム管理者は、対象となるシステムから、特に構成設定に関する正確な情報が得られるようにしたいと考えています。次のスキャンタイプのうち、システム管理者に最も正確な情報を提供するのはどれでしょうか。,アクティブで、クレデンシャルなスキャン,パッシブで、クレデンシャルなスキャン,パッシブで、クレデンシャルを使用しないスキャン,アクティブで、クレデンシャルを使用しないスキャン
ある組織が、次のような目的で、新しいアイデンティティとアクセス管理のアーキテクチャを導入しています。・オンプレミスインフラに対するMFA（多要素認証）のサポート・SaaS アプリケーションとの統合によるユーザーエクスペリエンスの向上・場所に基づくリスクベースのポリシーの適用 ジャストインタイムプロビジョニングの実行 これらの要件をサポートするために、組織が実装すべき認証プロトコルは次のうちどれでしょうか。,KerberosおよびTACACS,SAMLとRADIUS,OAuthとOpenID,OTPと802.1X
ある最高情報責任者が、高価なSANストレージのコストを削減するために、会社の全データをクラウドに移行することを検討しています。次のうち、移行時に最も対処が必要と思われるセキュリティ上の懸念はどれですか。,レイテンシー,データ漏洩,データ損失,データの分散
"ある企業は、ホリデー シーズンの準備として、小売販売を管理するシステムを再設計し、クラウド サービスプロバイダーに移行しました。しかし、新しいインフラストラクチャは、会社の可用性要件を満たしていませんでした。事後分析の結果、次のような問題が浮き彫りになりました。1. 海外のユーザーから、ウェブページの画像を最初に読み込む際に遅延が発生するとの報告があった。2. レポート処理の時間帯に、ユーザーが注文しようとすると在庫の問題が報告された。3. 新しい API サーバーを 10 台追加したにもかかわらず、ピーク時にサーバーの負荷が高かった。	将来これらの問題を回避するために組織が実装するのに最適なインフラストラクチャ設計の変更は、次のうちどれですか?",分散型 CDN を介して静的コンテンツを配信し、中央データベースの読み取りレプリカを作成してそこからレポートを取得しパフォーマンスに基づいて API サーバーを自動スケールする。,画像を配信するサーバーの帯域幅を広げ、CDNを利用し、データベースを非リレーショナルデータベースに変更し、10台のAPIサーバーを2台のロードバランサーで分割する。,読み込み頻度の低いオブジェクトストレージバケットから画像を配信し、データベースを異なる地域にレプリケートし、負荷に応じて動的にAPIサーバーを作成する。,静的コンテンツのオブジェクトストレージを異なる地域で提供し、マネージドリレーショナルデータベースのインスタンスサイズを大きくし、10台のAPIサーバーを複数の地域に分散させる。
あるセキュリティ事象を調査していたアナリストは、あるユーザーが送信元不明の電子メールの添付ファイルを開いたという証拠を発見します。このユーザーが添付ファイルを開いた直後、あるサーバー群で大量のネットワークとリソースのアクティビティが発生しました。そのサーバーを調査したところ、そのサーバーはランサムウェアによって暗号化されており48時間以内に支払いをしないとすべてのデータを破壊するよう要求されていることが判明しました。会社はランサムウェアに対する対応策を持っていません。経営陣にインシデントを報告した後、アナリストが次に取るべき手順は次のうちどれですか。,拡散を防ぐためにサーバーを隔離する。,48時間以内に身代金を支払う。,警察当局に通報する。,影響を受けたサーバーを直ちに復旧するよう要請する。
ある SOC アナリストが、外部で公開されているウェブサーバー上の悪質なアクティビティを調査しています。調査中に、アナリストは、特定のトラフィックがログに記録されておらず、WebアプリケーションのWAFから可視化されていないことを判断しました。次のうち最も可能性の高い原因はどれですか。,WAF の証明書は期限切れです。,ユーザーエージェントクライアントは、WAF と互換性がありません。,HTTP トラフィックは、復号化するために HTTPS に転送されません。,古い脆弱な暗号スイートが使用されたままになっている。
ある会社が顧客向けにいくつかのAPIを公開しており、顧客データセットを分離するためにキーを使用することが要求されています。顧客キーの保存に使用するのが最も良いものはどれでしょうか。,ハードウェアセキュリティモジュール,信頼できるプラットフォームモジュール,ローカライズされたキーストア,公開鍵基盤
ある企業のネットワーク上のホストが、SMB経由で拡散していると思われるワームに感染しました。セキュリティアナリストは、このインシデントを阻止すると同時に、その後の調査とマルウェア解析のための証拠を維持することを課されました。最初に実行するのに最適な手順はどれですか。,すべてのネットワーク接続を削除することによって、ネットワークから感染したホストを分離する。,感染したホストを直ちにオフにします。,感染したホスト上でアンチマルウェアの完全なスキャンを実行します。,SMB 接続の発信を防ぐために、ホストの smb.conf ファイルを変更します。
ある会社が、市場投入の迅速化を図る戦略の一環として、ソフトウェア開発を第三者に依頼しました。この会社のポリシーでは、次の要件が概説されています。・製品版ソフトウェアをコンテナレジストリに公開するために使用される認証情報は、安全な場所に保管されるべきである。・アクセスはパイプラインサービスのアカウントに制限されるべきで、サードパーティの開発者が直接認証情報を読み取ることはできない。これらの共有資格情報へのアクセスを保存および監視するための最良の推奨事項は次のうちどれですか?,鍵の保管庫(キーコンテナー),TPM,ローカルセキュアパスワードファイル,MFA
ある組織は、最新のアセスメントで特定されたリスクを是正または軽減するための取り組みに優先順位をつけています。あるリスクについて、完全な修復は不可能であったが、緩和策を適用して影響の可能性を減らすことに成功しました。組織は次のアクションとして何を実行すべきですか。,残存リスクを評価する。,組織の脅威モデルを更新する。,登録されている次のリスクに移動する。,影響の大きさを再計算する。
ICS（incident command system）に出力する電力量を伝える制御メッセージに暗号を適用する場合、最も重要なセキュリティ目的はどれですか。,メッセージの完全性を保証する,メッセージの可用性を取り込む,メッセージの非否認を保証する,メッセージのプロトコル適合性を強制する
衛星通信 ISP は、非推奨のハードウェアとソフトウェアを使用しているために、レガシー衛星リンクの 1 つで頻繁に機能停止や動作モードの低下を経験しています。平均して週に3日、契約会社は、公称パフォーマンスを回復するために連続して実行しなければならない16種類の高遅延コマンドのチェックリストに従わなければなりません。ISPは、このプロセスを自動化したいと考えています。この要件に最も適しているのは、次のどの技術ですか。,SOARユーティリティとランブック（手順書）を配備する。,関連するハードウェアを交換する。,衛星テレメトリーデータへの直接アクセスを請負業者に提供する。,影響を受ける地上と衛星セグメントのリンク遅延を短縮する。
ある企業がリスク戦略の一環として、サイバーセキュリティの事故に対する保険への加入を検討しています。この種のリスク対応を最もよく表しているのはどれですか。,リスク移転,リスク拒絶,リスク軽減,リスク回避
フォレンジック（法医学）対応でステガノグラフィ技術を使用するメリットはどれか。,.wavファイル内のデータの最下位ビットエンコーディングを識別する,安全な音声通信に使用される対称型暗号の解読,DRMで保護されたメディアに対するユニークな攻撃の頻度を決定する。,取得した証拠品の保全管理（CoC）
あるシステム管理者は、ネットワークに接続する前にホストシステムを強化している最中です。管理者は、OSが完全に起動する前にホストが安全であることを保証するために、ブートローダーに保護を追加したいと考えています。次のうちどれが最も良いブートローダーの保護を提供しますか。,UEFI/BIOS,TPM,HSM,PKI
地域性と予算の制約により、組織のサテライトオフィスには、組織内の他のオフィスよりも低い帯域幅が割り当てられています。その結果、現地のセキュリティ インフラストラクチャ スタッフは、脅威の可視性を犠牲にすることなく、ネットワーク帯域幅を維持し内部および外部リソースの速度を向上させるのに役立つアーキテクチャ オプションを評価しています。次のうち、実装するのに最適なオプションはどれでしょう。,ローカルキャッシュ,分散接続の割り当て,コンテンツデリバリーネットワーク,SD-WANの垂直方向の異質性
ディザスタリカバリチームは、前回のディザスタ リカバリ パラレル テストでいくつかの間違いがあったことを確認しました。重要なサービスの復旧の70%で計算資源が枯渇しました。この問題の再発を防ぐために修正すべきは次のうちどれですか。,RLO,RPO,DPR,RTP
営業部門のユーザーが疑わしい添付ファイルを開いてしまいました。その後、営業部門はSOCに連絡し、応答しない多数のシステムを調査し、チームはファイルと攻撃の発信源を特定することに成功しました。次のうち、インシデント対応計画の次のステップはどれですか。,封じ込め,改善,レスポンス,リカバリー
ある企業が知的財産を盗難から保護したいと考えています。同社はすでにACLとDACを適用しています。会社はデータ盗難を防ぐために次のどれを使うべきですか。,アクセスログ,電子透かし,DRM,NDA
セキュリティ アーキテクトは、多くの異なる支社を持つ製造組織で働いています。アーキテクトは、トラフィックを削減し、組織の本社の場所で CA によって発行された失効した証明書の最新のコピーを支社が確実に受信できるようにする方法を探しています。ソリューションは、CA での電力要件も最小にする必要があります。次のうち、最適なソリューションはどれですか。,OCSPを使用するようにクライアントを構成します。,各支店にRAを配置します。,支店でデルタCRLを使用します。,GPO を使用して新しいCRL を送信します。
ある若手開発者が、高度な RISC マシン (ARM) CPU に対する新しいマルウェアの影響について知らされ、それに応じてコードを修正する必要があります。デバッグに基づき、マルウェアは自分自身を別のプロセス メモリ ロケーションに挿入できます。このタイプのマルウェアを防ぐために、開発者がARMアーキテクチャ上で有効にできる技術はどれか。,決して実行しない,実行しない,メモリ全体の暗号化,仮想メモリの暗号化
あるセキュリティアナリストが、ある組織でコンテナ化のコンセプトを研究しています。このアナリストは、1 つのアプリケーションが使用可能なリソースを過剰に消費することによりDockerホスト上の潜在的なリソース枯渇シナリオを懸念しています。次のコアLinuxコンセプトのうち、コンテナへのリソース割り当てを制限する機能を最もよく反映しているのはどれですか。,Cグループス,ユニオンファイルシステムオーバーレイ,Linuxネームスペース,デバイスマッパー
あるアプリケーションサーバーが最近TLS 1.3を優先するようにアップグレードされましたが、現在ユーザーはクライアントをサーバーに接続することができなくなりました。エラーを再現する試みは確認されており、クライアントは次のように報告していす。　err_ssl_version_or_cipher_mismatch　　次のうち、根本的な原因である可能性が最も高いのはどれですか。,クライアントアプリケーションは、RC4 を使用するように構成されています。,クライアントアプリケーションは PFS をテストしています。,クライアントアプリケーションは、ECDHE を使用するように構成されています。,クライアントアプリケーションは、GCM で AES-256 を使用するように構成されています。
ある小さな会社が、最近、軍事計画のためのプロトタイプ技術を開発しました。この会社のセキュリティエンジニアは、新しく開発された専有情報の盗難の可能性を懸念しています。セキュリティエンジニアは、脅威を事前に管理するために、次のうちどれを行うべきでしょうか。,データセキュリティのベストプラクティスなど、新たな脅威に対応するためにセキュリティ意識向上トレーニングを更新する。,その会社に関連する情報共有コミュニティに参加する。,MITRE ATT&CK フレームワークを活用して、TTR をマッピングする。,脅威を評価し分析するためにOSINTのテクニックを使用する。
セキュリティ事故の後、ネットワークセキュリティエンジニアは、会社の機密性の高い外部トラフィックの一部が、通常は使用されないセカンダリISPを介してリダイレクトされていることを発見します。次の内、1つのプロバイダーに障害が発生した場合にネットワークを機能させながらルートを保護するのに最適なものはどれですか。,インバウンドBGPプレフィックスリストを実装する。,BGPを無効にし、各内部ネットワークに単一の静的ルートを実装する。,BGPルートリフレクタを実装する。,BGP を無効にし、OSPF を実装する。
セキュリティコンサルタントが、Active Directoryを導入していない小規模オフィスのワイヤレスセキュリティを設定する必要があります。中央アカウント管理がないにもかかわらず、オフィスマネージャーは、ワイヤレス認証に対するブルートフォース攻撃を防ぐために高いレベルの防御を確保したいと考えています。次の技術のうち、最もこのニーズを満たすものはどれでしょうか。,WPA3 SAE,ファラデーケージ,WPA2 PSK,WEP128ビット
ある企業では、モバイルデバイスを会社所有の電話からBYOD戦略へ移行しています。この試験的なプログラムは、まず経営陣から始め、段階的に他の社員にも展開される予定です。この会社の最高財務責任者は、年に何度も携帯電話を紛失しています。次のうち、紛失したデバイスのデータを最も安全に保護できるのはどれでしょうか。,リモートでデバイスをワイプする。,会社のデータにアクセスするために、VPNをアクティブにすることを要求する。,その人のリスクに応じて異なるプロファイルを設定する。,会社のアプリケーションにアクセスするためにMFAを要求する。
"エネルギー会社は、過去四半期に使用された天然ガスの平均圧力を報告する必要があります。	PLCは、必要なレポートを作成するヒストリアンサーバーにデータを送信します。この会社が、IT環境で必要なレポートを安全に取得できるようなヒストリアンサーバーの配置はどれですか。",OT環境とIT環境の間でスクリーニングされたサブネットを使用します。,IT環境で、PLCがOT環境からIT環境にデータを送信できるようにします。,OT環境で、ITトラフィックをOT環境に許可します。,OT環境で、ITトラフィックをOT環境に許可します。
脅威のクラス全体を排除しようとしている海運会社は、カスタムAndroidデバイスがパッケージ追跡専用に使用されるようにするSELinuxポリシーを開発しています。ポリシーをコンパイルして実装した後、次のどのモードで、デバイスが実行するように構成されていることを確認する必要がありますか。,許可,必須,強制,保護
デジタルトランスフォーメーションを実施している企業は、CSPの復元力を検討しており、CSPインシデントが発生した場合のSLA要件を満たすことを懸念しています。変革を進めるのに最適なのは次のうちどれですか？,シングルテナント内のアクティブ-アクティブソリューション,マルチクラウドプロバイダーソリューション,ラウンドロビン構成のロードバランサー,バックアップとしてのオンプレミスソリューション
脆弱性アナリストは、企業の内部開発ソフトウェアにゼロデイ脆弱性を特定しました。現在の脆弱性管理システムにはこの脆弱性のチェックがないため、エンジニアに作成を依頼しました。これらの要件を満たすのに最も適しているのは次のうちどれですか？,OVAL,ARF,ISAC,Node.js
ある会社は、ミッションクリティカルなプロセスを運用するために使用されるソフトウェアのライセンスを購入することを決定しました。サードパーティの開発者は業界に不慣れですが、現時点で会社が必要とするものを提供しています。サードパーティがアプリケーションのサポートを停止した場合に、ソースコードエスクローを利用することで企業のオペレーショナルリスクが軽減される理由を説明しているのは、次のうちどれですか。,会社は、開発を継続するために最新バージョンにアクセスできます。,会社は、新しい開発チームを雇うためにサードパーティの開発者から支払いを受けます。,会社は、サードパーティの開発者にサポートの継続を強制することができます。,会社はサードパーティの開発者の開発プロセスを管理できるようになります。
アプリケーション開発者は、サードパーティのバックグラウンドセキュリティ修正をアプリケーションに含めています。修正により、現在特定されているセキュリティの問題が解決されたようです。ただし、アプリケーションが一般に公開されると以前の脆弱性が戻ったという報告があります。このタイプの動作を最もよく防ぐために、開発者は次のうちどれをプロセスに統合する必要がありますか？,回帰テスト,ユーザーの承認,動的分析,ピアレビュー
金融セクターの企業は、電子メールを介してかなりの数の顧客トランザクション要求を受け取ります。CIRTは、セキュリティ違反を認める根本原因分析を実行しているときに、侵害されたアカウントのいくつかにアクセスできるカスタマーリレーションズの従業員が使用するデスクトップのIPアドレスからのポート80トラフィックの異常な急増を関連付けます。その後のデバイスのウイルス対策スキャンでは結果は返されませんが、CIRTはデバイスで実行されている文書化されていないサービスを検出します。次のコントロールのどれが、将来の同様のものの発見時間を短縮しますか。,ホストベースのファイアウォールを展開し、ログをSIEMに送信する,ウイルス対策DAT更新のリズムを1日2回に増やす,アプリケーションのブラックリストの実装,着信添付ファイルを自動的に隔離するようにモールを構成する
企業は、住宅ローンの承認要求を処理するために、EUに居住する個人の個人クライアントデータを保存します。ビジネスのITマネージャーが考慮する必要があるのは次のうちどれですか？,個人データ消去の権利,会社の年間収益,Webアプリケーションの言語,個人データの可用性
A社はB社と契約を結んでいます。契約条件は、支払い条件、責任の制限、および知的財産権をカバーする文書で正式に定められています。次のドキュメントのうち、これらの要素が含まれている可能性が最も高いのはどれですか？,会社AB SLA v2.docx,会社A OLA v1b.docx,会社AB NDA v03.docx,会社A MSA v3.docx
改装中、会社のコンピューター機器は、ドアの両側にカメラが配置された安全な保管室に移されました。ドアはセキュリティチームが発行したカードリーダーを使用してロックされており、セキュリティチームと部門マネージャーのみが部屋にアクセスできます。同社は、許可された従業員を友連れすることにより、保管室に入る許可されていない個人を識別できるようにしたいと考えています。次のプロセスのうち、この要件を最もよく満たすのはどれですか？,有効なアクセス要求に対応するカメラ映像を監視します。,ドアを開けるにはセキュリティと管理の両方が必要です。,部門マネージャーにアクセス拒否のリクエストを確認するように要求します。,毎週新しいエントリーバッジを発行します。
次のうちどれが会社のCI/CDパイプラインを最も保護できますか？,信頼できるシークレットマネージャーを利用する,コンテナオーケストレーションの使用を紹介する,インスタンスのタグ付けを展開する,毎週DASTを実行する
次のプロトコルのうち、PANネットワークの作成を可能にする低電力、低データレートはどれですか？,Zigbee,Modbus,CAN,DNP3
大規模な多国籍メーカーのセキュリティアーキテクトは、トラフィックを監視するためのセキュリティソリューションを設計および実装する必要があります。ソリューションを設計するとき、セキュリティアーキテクトがOTネットワークに対する攻撃を防ぐために焦点を当てるべき脅威は次のうちどれですか。,時間の経過に伴う複数の要請された応答,サポートされていない暗号化アルゴリズムの適用,サイズまたは長さが間違っているパケット,DNP3ポートでの非DNP3通信の使用
企業は、有効な資格情報を持つハッカーによって繰り返し侵害されています。同社の最高情報セキュリティ責任者（CISO）は生体認証やトークンベースの要素など、ユーザーを認証するための複数のコントロールをインストールしています。連続する各制御により、オーバーヘッドと複雑さが増しましたが、それ以上の違反を阻止することはできませんでした。外部コンサルタントが、認証制御をサポートするために現在実施されているプロセスを評価しています。次の推奨事項のうち、不正アクセスのリスクを最も減らす可能性が高いのはどれですか。,厳密な3要素認証を実装します。,最小特権ポリシーを実装する。,1回限りまたはすべてのユーザー認証に切り替えます。,識別防止手順を強化する。
技術者は、現在のサーバーハードウェアが古くなっていると判断したため、廃棄することにしました。廃棄する前に、データの残りを復元できないようにするために使用するのに最適な方法は次のうちどれですか？,物理的破壊,デガウス,ドライブワイプ,パージ
製薬会社は最近、顧客向けのWebポータル内でセキュリティ侵害を経験しました。攻撃者はSQLインジェクション攻撃を実行し、会社の管理対象データベースからテーブルをエクスポートして、顧客情報を搾取しました。同社は、IaaSモデルを利用したCSPでアプリケーションをホストしています。次の当事者のうち、最終的に違反の責任を負うのはどれですか？,製薬会社,Webポータルソフトウェアベンダー,クラウドソフトウェアプロバイダー,データベースソフトウェアベンダー
災害復旧チームは、前回の災害復旧パラレルテスト中に発生したいくつかの間違いを知りました。重要なサービスの復旧の70％で計算リソースが不足しました。問題の再発を防ぐために変更する必要があるのは次のうちどれですか？,リカバリサービスレベル(RLO),目標復旧時間,目標復旧時点,ミッションに不可欠な機能
次の用語のうち、CASBまたはサードパーティエンティティへの暗号化キーの配信を指すものはどれですか？,キーの配布,キーの回復,キーの共有,キーエスクロー
ある会社のセキュリティ・エンジニアが、競合他社が新製品を市場に投入してきたことによる最近の失敗を軽減するためのシステムを設計している。いくつかの製品には、エンジニアの会社によって開発された適切な機能強化が組み込まれています。ネットワークにはすでにSEIMとNIPSが含まれており、すべてのユーザーアクセスに2FA（二要素認証）が必要です。関連するリスクを軽減するために、エンジニアがNEXTを検討する必要があるシステムは次のうちどれですか？,DLP,UTM,データフローの実施,メールゲートウェイ
次のテクノロジーのうち、CSPが複数のデータストレージに暗号化を追加できるのはどれですか？,ビット分割,準同型暗号化,データ分散,対称暗号化
営業部門のユーザーが不審な添付ファイルを開きました。次に、営業部門がSOCに連絡して、応答しないシステムの数を調査しチームはファイルと攻撃の発信元を特定することに成功しました。インシデント対応計画の次のステップは次のうちどれですか？,封じ込め,回復,修復,応答
ネットワーキングチームは、会社の全従業員に安全なリモートアクセスを提供するように依頼されました。チームは、ソリューションとしてクライアントからサイトへのVPNを使用することを決定しました。話し合いの中で、最高情報セキュリティ責任者はセキュリティ上の懸念を提起し、ネットワークチームにリモートユーザーのインターネットトラフィックをメインオフィスのインフラストラクチャ経由でルーティングするように依頼しました。これを行うと、リモートユーザーがVPNに接続しているときにローカルネットワークを介してインターネットにアクセスできなくなります。これは次の解決策のどれを​​説明していますか？,フルトンネリング,SSHトンネリング,スプリットトンネリング,非対称ルーティング
ICS（産業用制御システム）に出力する電力量を通知するメッセージを制御するために暗号化を適用する場合、次のうち最も重要なセキュリティ目標はどれですか？,メッセージの整合性を保証する,メッセージの否認防止を保証する,メッセージのプロトコル準拠を強制する,メッセージの可用性をインポートする
セキュリティアナリストは、最近のデータ損失インシデントの原因を特定しようとしています。アナリストは、データ損失時にネットワーク上で特定されたすべての資産を取り巻くすべての時間を確認しました。アナリストは、ソースを見つける鍵がアプリケーションに難読化されていると考えています。アナリストが次に使用する必要があるツールはどれですか？,静的コード分析,ログ削減および分析ツール,ソフトウェアデコンパイラー,ネットワークエミュレーター
A社はB社を買収しました。監査中に、セキュリティエンジニアは、B社の環境に適切なパッチが適用されていないことを発見しました。これに応じて、A社はB社のインフラストラクチャをA社のセキュリティプログラムに統合できるようになるまで、2つの環境の間にファイアウォールを配置しました。次のリスク処理手法のどれが使用されましたか。,軽減する,受け入れる,回避する,転送する
会社の請求処理部門には、個人の電子メールアドレスから多数の電子メール送信を受信するモバイルワーカーがいます。従業員は最近、請求フォームを承認する電子メールを受信しましたが、開いたときに従業員のラップトップに悪意のあるソフトウェアがインストールされてしまいました。この後どのような対策をすべきでしたか？,サンドボックス機能を使用してクラウドベースのコンテンツフィルタリングを実装します。,メールゲートウェイをインストールして、受信メッセージをスキャンし、メールボックスに到達する前に添付ファイルを削除します。,アプリケーションのホワイトリストを突き刺し、請求処理部門のラップトップのホワイトリストに電子メールクライアントのみを追加します。,電子メールにアクセスする前にすべてのラップトップがVPNに接続する必要がありました。
アナリストは、インターネットに接続されたDNSサーバーに対して脆弱性スキャンを実行し、次のレポートを受け取ります。・カーネルモードドライバに特権の昇格を許す脆弱性　・SSL中強度の暗号スイートがサポートされる　・DNS解決における脆弱性によりリモートコード実行の可能性　・SMB ホスト SID がローカルユーザの列挙を可能にする脆弱性　アナリストが最も重大な脆弱性を検証するために最初に使用する必要があるツールは次のうちどれですか。,パスワードクラッカー,ポートスキャナー,搾取フレームワーク,アカウント列挙子
"ある企業は、サイバーセキュリティの防御を強化することを目指しており、ネットワークインフラストラクチャに重点を置いています。	このソリューションは、誤検知によって正当なトラフィックがドロップされないようにするために、会社のサービスの可用性に影響を与えることはできません。次のうちどれが要件を満たしますか？",NIDS,リバースプロキシ,NIPS,WAF
セキュリティエンジニアは、従業員が有線ネットワーク上の範囲内のIPアドレスを取得している問題のトラブルシューティングを行っています。エンジニアと別のPCを同じポートに追加すると、そのPCは正しい範囲のIPアドレスを取得します。次に、エンジニアは従業員のPCをワイヤレスネットワークに配置し、PCがまだ適切な範囲のIPアドレスを取得していないことを確認します。PCはすべてのソフトウェアとアンチウイルスの定義について最新であり、IPアドレスはAPIPAアドレスではありません。次のうちどれが問題である可能性が最も高いですか？,会社はVLAN割り当てに802.1xを使用しており、ユーザーまたはコンピューターが間違ったグループに属しています。,DHCPサーバーが利用できないため、IPアドレスがPCに返送されていません。,DHCPサーバーには、有線インターフェース用のPCのMACアドレスが予約されています。,WiFiネットワークがWPA2 Enterpriseを使用しており、コンピューター証明書のSANフィールドに間違ったIPアドレスがあります。
"セキュリティは、組織のソーシャルメディアプラットフォームのセキュリティを確保することでマーケティング部門を支援しています。	2つの主な懸念事項は次のとおりです。・最高マーケティング責任者（CMO）の電子メールがユーザー名として部門全体で使用されています　・パスワードは部門内で共有されています	　アナリストが推奨するのに最適なコントロールは次のうちどれですか？",他の認証への依存を減らすために、すべてのユーザーのMFAを構成します。,各メディアプラットフォームに設定されているOAuth構成を決定するために、定期的なスケジュールされたレビューを行います。,すべてのマーケティングユーザーがアクションを分離できるように、複数のソーシャルメディアアカウントを作成します。,共有されているパスワードが十分にあり、どこにも書き留められていないことを確認してください。
ネットワーキングチームは、セキュリティ管理者にWebブラウザでFlashを有効にするように依頼しました。ネットワーキングチームは、重要なレガシー組み込みシステムがさまざまなデバイスからSNMP情報を収集すると説明しました。システムは、Flashを実行しているWebブラウザを介してのみ管理できます。組み込みシステムは1年以内に交換されますが、現時点では依然として重要です。リスクを軽減するために、セキュリティ管理者は次のうちどれを行う必要がありますか。,管理インターフェイスをプライベートVLANに分離し、VM内のレガシーブラウザを必要に応じて使用してシステムを管理できるようにします。,レガシーシステムをネットワークからエアギャップし、使用済みOSを搭載したラップトップを専用にして、管理用のクロスケーブルを介してシステムに接続します。,Flashが利用できなくなった理由をネットワーキングチームに説明し、チームが交換のスケジュールを早めるように主張します。,ネットワークチームが元の組み込みシステムのベンダーに連絡して、Flashを必要としないシステムのアップデートを入手することを提案します。
クライアントは、認証を必要としない一連の負荷分散APIにアクセスしようとすると速度が低下することを報告しています。APIをホストするサーバーは、CPU使用率が高いことを示しています。APIの前にあるWAFにはアラートが見つかりません。パフォーマンスの問題をタイムリーに解決するために、セキュリティエンジニアが推奨するのは次のうちどれですか？,APIにレート制限を実装します。,APIに入力検証を実装します。,APIにOAuth2.0を実装します。,WAFにジオブロッキングを実装します。
セキュリティアナリストは、組織のコンテナ化の概念を研究しています。アナリストは、利用可能なリソースを過剰に消費している単一のアプリケーションが原因で、Dockerホストで発生する可能性のあるリソース枯渇シナリオを懸念しています。次のLinuxのコアコ​​ンセプトのうち、コンテナへのリソース割り当てを制限する機能を最もよく反映しているのはどれですか？,Cgroups,デバイスマッパー,ユニオンファイルシステムオーバーレイ,Linux名前空間
"SOCアナリストは、外部の公開されたWebサーバーでの悪意のあるアクティビティを確認しています。調査中に、アナリストは特定のトラフィックがログに記録されておらず、WebアプリケーションのWAFからの可視性がないと判断しました。	次のうち、最も可能性の高い原因はどれですか。",WAFの証明書の有効期限が切れています。,古くて脆弱な暗号スイートはまだ使用されています。,ユーザーエージェントクライアントはWAFと互換性がありません。,HTTPトラフィックは復号化するためにHTTPSに転送されていません。
"HVAC請負業者は、会社内で機器の問題をリモートでサポート/トラブルシューティングするためのネットワーク接続許可を要求しました。現在、この会社には、ベンダーが企業ネットワークにリモートアクセスできるようにするプロセスがありません。次のソリューションのうち、請負業者のアクセスを許可するための最善の行動方針を表すものはどれですか？	",企業ネットワークにアクセスできない専用セグメントを作成するベンダーアクセス専用のVPNハードウェアを実装する,既存のネットワークにベンダーの機器を追加する標準の企業VPNを介してベンダーにアクセスを許可する,ベンダーの認定プロセスを確立する認定ベンダーがVDIにアクセスして、HVAC機器を監視および保守できるようにする,ベンダーに標準のデスクトップPCを提供して機器を接続し、ベンダーに標準の企業VPNを介したアクセスを提供します
"ある会社は、クラウドベースのインフラストラクチャを利用する完全にリモートの労働力を構築することを計画しています。最高情報セキュリティ責任者は、セキュリティエンジニアに、次の要件を満たすように接続を設計するように依頼します。・クラウドプロバイダーがホストするサーバーに直接アクセスできるのは、企業所有のデバイスを使用しているユーザーのみです。・会社は、個々のユーザーがアクセスできるSaaSアプリケーションを制御できます。	・ユーザーのブラウザアクティビティを監視できます。	次のソリューションのうち、これらの要件を最もよく満たすのはどれですか？",VPN、CASB、SWG,IAMゲートウェイ、MDM、およびリバースプロキシ,APIゲートウェイ、UEM、およびフォワードプロキシ,SSLトンネル、DLP、およびホストベースのファイアウォール
医用画像会社のシステム管理者は、汎用ファイル サーバー上で保護医療情報 (PHI) を検出します。管理者が次に実行する手順はどれですか。,すべての PHI を独自の VLAN で分離し、レイヤ 2 で分離したままにします。,サーバーの MD5ハッシュを取得します。,法務部門に相談するまで、ネットワークからすべてのPHI を削除します。,法務部門に相談して、法的要件を決定します。
最高情報セキュリティ責任者(CISO)が銀行のリスク委員会に最新の指標を提供する目的は、次のことを確認することです。,サイバーセキュリティの予算は年々増加しています。,委員会は、どれだけの作業が行われているかを把握しています。,事業部門は、独自の軽減策に責任を負います。,銀行はサイバーセキュリティリスクの状況を認識しています。
小規模な地方銀行の最高情報セキュリティ責任者 (CISO) は、コア バンキング アプリケーションのサードパーティ侵入テストを毎年実施する必要があるというコンプライアンス要件を持っています。次のサービスのうち、リソース使用量が最も少ないコンプライアンス要件を満たすのはどれですか。,Red-team hunting,Black-box testing,Gray-box testing,Blue-team exercises
特定のジョブタスクに不可欠な情報のみを表示できるシステムの設計は、以下を使用することで正常に達成できます。,ロールベースのアクセス制御,職務の分離,ジョブローテーション,任意アクセス
次のうち、CoC(Chain of Custody:管理の連鎖)が壊れた場合に何が起こるかを最もよく表しているのはどれですか。,重要な証拠は容認できないと見なされる可能性がある。,証拠は法廷では提出されません。,証拠を回収する必要があります。,追跡レコードの詳細に適切なラベルが付けられていません。
SOCは、最近のインシデントの後、プロセスと手順を見直しています。このレビューでは、感染した宿主を隔離することが最善の行動であると判断するまでに30分以上かかったことが示されています。これにより、マルウェアが封じ込められる前に、追加のホストに拡散されてしまいました。インシデント対応プロセスを改善するのに最適なのは、次のうちどれですか。,許容される使用に関する追加のエンドユーザートレーニングの提供,より良い意思決定ポイントでプレイブックを更新する,ネットワークを信頼ゾーンと非信頼ゾーンに分割する,感染したホストの手動隔離の実装
